<?xml version="1.0"?>
<ReportData>
	<Status>40</Status>
	<Data_type>A</Data_type>
	<Severity>0</Severity>
	<Project>270</Project>
	<Version>28.0</Version>
	<Area>30001</Area>
	<Shortdescription>Automated Incident Report</Shortdescription>
	<Description>Access violation at address 698BA3FF in module 'borlndmm.dll'. Read of address 00000000.

Unable to open project</Description>
	<Build>28.0.47991.2819</Build>
	<Steps/>
	<Platform_>430</Platform_>
	<Workaround/>
	<Locale>1033;1033</Locale>
	<Architecture>1</Architecture>
	<OperativeSystem>Windows 10 (Version 21H2, OS Build 19044.2728, 64-bit Edition)</OperativeSystem>
	<OSMemory>66,957,388 Kb</OSMemory>
	<ProcessMemoryUsage>741,428 Kb</ProcessMemoryUsage>
	<MemoryLargeAddress>true</MemoryLargeAddress>
	<Date>2023-04-10T14:02:24.792Z</Date>
</ReportData>
