<?xml version="1.0"?>
<ReportData>
	<Status>40</Status>
	<Data_type>A</Data_type>
	<Severity>0</Severity>
	<Project>270</Project>
	<Version>28.0</Version>
	<Area>30001</Area>
	<Shortdescription>Automated Incident Report</Shortdescription>
	<Description>Access is denied.

Received this error after launching Rad Studion 11.</Description>
	<Build>28.0.42600.6491</Build>
	<Steps/>
	<Platform_>430</Platform_>
	<Workaround/>
	<Locale>1033;1033</Locale>
	<Architecture>1</Architecture>
	<OperativeSystem>Windows 10 (Version 10.0, Build 19044, 64-bit Edition)</OperativeSystem>
	<OSMemory>16,528,656 Kb</OSMemory>
	<ProcessMemoryUsage>558,164 Kb</ProcessMemoryUsage>
	<MemoryLargeAddress>true</MemoryLargeAddress>
	<Date>2023-01-12T08:36:33.905Z</Date>
</ReportData>
