<?xml version="1.0"?>
<ReportData>
	<Status>40</Status>
	<Data_type>A</Data_type>
	<Severity>0</Severity>
	<Project>270</Project>
	<Version>29.0</Version>
	<Area>30001</Area>
	<Shortdescription>Automated Incident Report</Shortdescription>
	<Description>Access violation at address 6EA977A5 in module 'coreide290.bpl'. Read of address 00000444.

Try to copy a component with CTRL+C and it raised exception, have to copy from right click menu</Description>
	<Build>29.0.51961.7529</Build>
	<Steps/>
	<Platform_>430</Platform_>
	<Workaround/>
	<Locale>1033;14345</Locale>
	<Architecture>1</Architecture>
	<OperativeSystem>Windows 10 (Version 22H2, OS Build 19045.4412, 64-bit Edition)</OperativeSystem>
	<OSMemory>4.193.844 Kb</OSMemory>
	<ProcessMemoryUsage>1.398.720 Kb</ProcessMemoryUsage>
	<MemoryLargeAddress>true</MemoryLargeAddress>
	<Date>2024-05-21T16:16:36.824Z</Date>
</ReportData>
