<?xml version="1.0"?>
<ReportData>
	<Status>40</Status>
	<Data_type>A</Data_type>
	<Severity>0</Severity>
	<Project>270</Project>
	<Version>28.0</Version>
	<Area>30001</Area>
	<Shortdescription>Automated Incident Report</Shortdescription>
	<Description>Access violation at address 00690068 in module 'bds.exe'. Write of address 00000000.

Changing between projects</Description>
	<Build>28.0.47991.2819</Build>
	<Steps>1. had a project open
2. opened a different project from the main menu
   - File | Open Recent | selected a project</Steps>
	<Platform_>430</Platform_>
	<Workaround/>
	<Locale>1033;3081</Locale>
	<Architecture>1</Architecture>
	<OperativeSystem>Windows 10 (Version 22H2, OS Build 19045.2846, 64-bit Edition)</OperativeSystem>
	<OSMemory>16,729,940 Kb</OSMemory>
	<ProcessMemoryUsage>1,230,308 Kb</ProcessMemoryUsage>
	<MemoryLargeAddress>true</MemoryLargeAddress>
	<Date>2023-04-19T09:17:09.320Z</Date>
</ReportData>
