<?xml version="1.0"?>
<ReportData>
	<Status>40</Status>
	<Data_type>A</Data_type>
	<Severity>0</Severity>
	<Project>270</Project>
	<Version>28.0</Version>
	<Area>30001</Area>
	<Shortdescription>Automated Incident Report</Shortdescription>
	<Description>Out of system resources.</Description>
	<Build>28.0.44500.8973</Build>
	<Steps>close IDE (run as Rad Studio c+d)
run IDE as C++ (automatically open last project in c++ with pas file)
</Steps>
	<Platform_>430</Platform_>
	<Workaround/>
	<Locale>1045;1045</Locale>
	<Architecture>1</Architecture>
	<OperativeSystem>Windows 10 (Version 1803, OS Build 17134.1304, 64-bit Edition)</OperativeSystem>
	<OSMemory>66 967 780 Kb</OSMemory>
	<ProcessMemoryUsage>564 016 Kb</ProcessMemoryUsage>
	<MemoryLargeAddress>true</MemoryLargeAddress>
	<Date>2022-04-23T15:09:27.371Z</Date>
</ReportData>
