<?xml version="1.0"?>
<ReportData>
	<Status>40</Status>
	<Data_type>A</Data_type>
	<Severity>0</Severity>
	<Project>270</Project>
	<Version>28.0</Version>
	<Area>30001</Area>
	<Shortdescription>Automated Incident Report</Shortdescription>
	<Description>Assertion failure: &amp;quot;(_evalThread)&amp;quot;
in ..\win32src\eval32.cpp at line 1465
Debuging delphi code. Problem in Delphi11, not in Delphi10</Description>
	<Build>28.0.44500.8973</Build>
	<Steps/>
	<Platform_>430</Platform_>
	<Workaround/>
	<Locale>1053;1053</Locale>
	<Architecture>1</Architecture>
	<OperativeSystem>Windows 11 (Version 21H2, OS Build 22000.675, 64-bit Edition)</OperativeSystem>
	<OSMemory>66 878 688 Kb</OSMemory>
	<ProcessMemoryUsage>1 519 092 Kb</ProcessMemoryUsage>
	<MemoryLargeAddress>true</MemoryLargeAddress>
	<Date>2022-05-23T15:44:47.916Z</Date>
</ReportData>
