<?xml version="1.0"?>
<ReportData>
	<Status>40</Status>
	<Data_type>A</Data_type>
	<Severity>0</Severity>
	<Project>270</Project>
	<Version>28.0</Version>
	<Area>30001</Area>
	<Shortdescription>Automated Incident Report</Shortdescription>
	<Description>Access violation at address 52CFC701 in module 'todoide280.bpl'. Read of address 000204D0.

All IDE Experts-Plugins deactivated</Description>
	<Build>28.0.48361.3236</Build>
	<Steps>Open Projectgroup
Change to any project
Access violation

</Steps>
	<Platform_>430</Platform_>
	<Workaround/>
	<Locale>1031;1031</Locale>
	<Architecture>1</Architecture>
	<OperativeSystem>Windows 11 (Version 22H2, OS Build 22621.2215, 64-bit Edition)</OperativeSystem>
	<OSMemory>16.153.172 Kb</OSMemory>
	<ProcessMemoryUsage>703.136 Kb</ProcessMemoryUsage>
	<MemoryLargeAddress>true</MemoryLargeAddress>
	<Date>2023-09-04T13:16:45.944Z</Date>
</ReportData>
