<?xml version="1.0"?>
<ReportData>
	<Status>40</Status>
	<Data_type>A</Data_type>
	<Severity>0</Severity>
	<Project>270</Project>
	<Version>28.0</Version>
	<Area>30001</Area>
	<Shortdescription>Automated Incident Report</Shortdescription>
	<Description>Parametro non corretto.
.

Trying to customize toolbar about wrong visualization</Description>
	<Build>28.0.47991.2819</Build>
	<Steps>Checking browser a hude windows &amp;quot;browser&amp;quot; appears and it is impossible continue</Steps>
	<Platform_>430</Platform_>
	<Workaround/>
	<Locale>1040;1040</Locale>
	<Architecture>1</Architecture>
	<OperativeSystem>Windows 11 (Version 22H2, OS Build 22621.1778, 64-bit Edition)</OperativeSystem>
	<OSMemory>8.383.168 Kb</OSMemory>
	<ProcessMemoryUsage>1.396.004 Kb</ProcessMemoryUsage>
	<MemoryLargeAddress>true</MemoryLargeAddress>
	<Date>2023-06-10T10:24:22.045Z</Date>
</ReportData>
