<?xml version="1.0"?>
<ReportData>
	<Status>40</Status>
	<Data_type>A</Data_type>
	<Severity>0</Severity>
	<Project>270</Project>
	<Version>28.0</Version>
	<Area>30001</Area>
	<Shortdescription>Automated Incident Report</Shortdescription>
	<Description>Canvas does not allow drawing.

&amp;quot;Canvas does not allow drawing&amp;quot; happens suddenly, without any specific sequence. Sometimes when compiling, sometimes while code</Description>
	<Build>28.0.48361.3236</Build>
	<Steps/>
	<Platform_>430</Platform_>
	<Workaround/>
	<Locale>1033;1033</Locale>
	<Architecture>1</Architecture>
	<OperativeSystem>Windows 10 (Version 22H2, OS Build 19045.3208, 64-bit Edition)</OperativeSystem>
	<OSMemory>16,653,316 Kb</OSMemory>
	<ProcessMemoryUsage>2,013,396 Kb</ProcessMemoryUsage>
	<MemoryLargeAddress>true</MemoryLargeAddress>
	<Date>2023-07-12T11:40:34.430Z</Date>
</ReportData>
