<?xml version="1.0"?>
<ReportData>
	<Status>40</Status>
	<Data_type>A</Data_type>
	<Severity>0</Severity>
	<Project>270</Project>
	<Version>29.0</Version>
	<Area>30001</Area>
	<Shortdescription>Automated Incident Report</Shortdescription>
	<Description>Access violation at address 6E80D426 in module 'vclide290.bpl'. Read of address 0A196000.

Just debugging immediately after installking Delphi Yukon 5667</Description>
	<Build>29.0.50371.5667</Build>
	<Steps/>
	<Platform_>430</Platform_>
	<Workaround/>
	<Locale>1033;1033</Locale>
	<Architecture>1</Architecture>
	<OperativeSystem>Windows 11 (Version 22H2, OS Build 22621.2428, 64-bit Edition)</OperativeSystem>
	<OSMemory>3,140,208 Kb</OSMemory>
	<ProcessMemoryUsage>1,741,240 Kb</ProcessMemoryUsage>
	<MemoryLargeAddress>true</MemoryLargeAddress>
	<Date>2023-10-19T20:38:12.291Z</Date>
</ReportData>
