<?xml version="1.0"?>
<ReportData>
	<Status>40</Status>
	<Data_type>A</Data_type>
	<Severity>0</Severity>
	<Project>270</Project>
	<Version>28.0</Version>
	<Area>30001</Area>
	<Shortdescription>Automated Incident Report</Shortdescription>
	<Description>Value not in the range 100 to 5000.

Working with demo test project for Delphi 11, and compiler suddenly started getting this error. Happens when trying to clean, so feels like IDE error rather than related to the project</Description>
	<Build>28.0.47991.2819</Build>
	<Steps/>
	<Platform_>430</Platform_>
	<Workaround/>
	<Locale>1033;2057</Locale>
	<Architecture>1</Architecture>
	<OperativeSystem>Windows 10 (Version 22H2, OS Build 19045.3086, 64-bit Edition)</OperativeSystem>
	<OSMemory>16,057,412 Kb</OSMemory>
	<ProcessMemoryUsage>870,064 Kb</ProcessMemoryUsage>
	<MemoryLargeAddress>true</MemoryLargeAddress>
	<Date>2023-06-26T14:33:56.930Z</Date>
</ReportData>
