<?xml version="1.0"?>
<ReportData>
	<Status>40</Status>
	<Data_type>A</Data_type>
	<Severity>0</Severity>
	<Project>270</Project>
	<Version>28.0</Version>
	<Area>30001</Area>
	<Shortdescription>Automated Incident Report</Shortdescription>
	<Description>Access violation at address 6936D2FB in module 'rtl280.bpl'. Read of address 7968654B.

I ran DfmCheckD11:s &amp;quot;Open/Close all forms&amp;quot; tool and then embarcadero IDE crashed. It does not crash for all projects.

FYI: DfmCheck was recommended to me by Christopher Moeller @ Embarcadero in Case# 00961346.</Description>
	<Build>28.0.46141.937</Build>
	<Steps/>
	<Platform_>430</Platform_>
	<Workaround/>
	<Locale>1033;1035</Locale>
	<Architecture>1</Architecture>
	<OperativeSystem>Windows 10 (Version 22H2, OS Build 19045.2604, 64-bit Edition)</OperativeSystem>
	<OSMemory>20,818,800 Kb</OSMemory>
	<ProcessMemoryUsage>862,640 Kb</ProcessMemoryUsage>
	<MemoryLargeAddress>true</MemoryLargeAddress>
	<Date>2023-02-20T12:07:11.854Z</Date>
</ReportData>
