<?xml version="1.0"?>
<ReportData>
	<Status>40</Status>
	<Data_type>A</Data_type>
	<Severity>0</Severity>
	<Project>270</Project>
	<Version>28.0</Version>
	<Area>30001</Area>
	<Shortdescription>Automated Incident Report</Shortdescription>
	<Description>Access violation at address 79E86E34 in module 'vcl280.bpl'. Read of address 00000050.

All I did was select Search / Find In Files</Description>
	<Build>28.0.47991.2819</Build>
	<Steps/>
	<Platform_>430</Platform_>
	<Workaround/>
	<Locale>1033;1033</Locale>
	<Architecture>1</Architecture>
	<OperativeSystem>Windows 10 (Version 21H2, OS Build 19044.2846, 64-bit Edition)</OperativeSystem>
	<OSMemory>16,643,776 Kb</OSMemory>
	<ProcessMemoryUsage>1,952,396 Kb</ProcessMemoryUsage>
	<MemoryLargeAddress>true</MemoryLargeAddress>
	<Date>2023-04-23T10:32:56.199Z</Date>
</ReportData>
