<?xml version="1.0"?>
<ReportData>
	<Status>40</Status>
	<Data_type>A</Data_type>
	<Severity>0</Severity>
	<Project>270</Project>
	<Version>28.0</Version>
	<Area>30001</Area>
	<Shortdescription>Automated Incident Report</Shortdescription>
	<Description>Access violation at address 6F668D1D in module 'rtl280.bpl'. Read of address 006F7266.

I switch beteen my projects</Description>
	<Build>28.0.47991.2819</Build>
	<Steps>File-&amp;gt;Open project</Steps>
	<Platform_>430</Platform_>
	<Workaround/>
	<Locale>1037;1037</Locale>
	<Architecture>1</Architecture>
	<OperativeSystem>Windows 10 (Version 21H2, OS Build 19044.3086, 64-bit Edition)</OperativeSystem>
	<OSMemory>4,193,336 Kb</OSMemory>
	<ProcessMemoryUsage>744,160 Kb</ProcessMemoryUsage>
	<MemoryLargeAddress>true</MemoryLargeAddress>
	<Date>2023-06-18T12:03:14.856Z</Date>
</ReportData>
