<?xml version="1.0"?>
<ReportData>
	<Status>40</Status>
	<Data_type>A</Data_type>
	<Severity>0</Severity>
	<Project>270</Project>
	<Version>26.0</Version>
	<Area>30001</Area>
	<Shortdescription>Automatisierter Problemreport</Shortdescription>
	<Description>Ungültige Zeigeroperation.

Pressing F1 on keyword</Description>
	<Build>26.0.36039.7899</Build>
	<Steps>I have put the mouse on the keyword TTimer an then i pressed the F1 key</Steps>
	<Platform_>430</Platform_>
	<Workaround/>
	<Locale>1031;1031</Locale>
	<Architecture>1</Architecture>
	<OperativeSystem>Windows 10 (Version 10.0, Build 18362, 64-Bit-Edition)</OperativeSystem>
	<OSMemory>16.727.252 Kb</OSMemory>
	<ProcessMemoryUsage>513.912 Kb</ProcessMemoryUsage>
	<MemoryLargeAddress>true</MemoryLargeAddress>
	<Date>2020-02-01T18:51:35.396Z</Date>
</ReportData>
