<?xml version="1.0"?>
<ReportData>
	<Status>40</Status>
	<Data_type>A</Data_type>
	<Severity>0</Severity>
	<Project>270</Project>
	<Version>28.0</Version>
	<Area>30001</Area>
	<Shortdescription>Automatisierter Problemreport</Shortdescription>
	<Description>Listenindex außerhalb des gültigen Bereichs (14). TComponentList Objektbereich ist 0..10.

Mit Dem Beenden einer Applikation (DEBUG-Modus) in der IDE kommt diese Fehlermeldung!</Description>
	<Build>28.0.48361.3236</Build>
	<Steps>bestehendes Projekt compiliert und gestartet
Anwendung beendet</Steps>
	<Platform_>430</Platform_>
	<Workaround/>
	<Locale>1031;1031</Locale>
	<Architecture>1</Architecture>
	<OperativeSystem>Windows 11 (Version 22H2, Betriebssystem-Build 22621.1992, 64-Bit-Edition)</OperativeSystem>
	<OSMemory>33.312.056 Kb</OSMemory>
	<ProcessMemoryUsage>1.433.036 Kb</ProcessMemoryUsage>
	<MemoryLargeAddress>true</MemoryLargeAddress>
	<Date>2023-07-24T12:20:44.641Z</Date>
</ReportData>
