<?xml version="1.0"?>
<ReportData>
	<Status>40</Status>
	<Data_type>A</Data_type>
	<Severity>0</Severity>
	<Project>270</Project>
	<Version>28.0</Version>
	<Area>30001</Area>
	<Shortdescription>Automated Incident Report</Shortdescription>
	<Description>disconnected session

I am getting a &amp;quot;Disconnected Session&amp;quot; error message. The only unusual thing (for me) is that I am using a TMemoryStream object to write data blocks to a file. In fact, the file is generated properly, but then the session disconnects. I know that the file is generated properly because it contains the correct number of bytes and works in several CAD viewers.

This error also occurs at seemingly random times with other unrelated code.</Description>
	<Build>28.0.46141.937</Build>
	<Steps/>
	<Platform_>430</Platform_>
	<Workaround/>
	<Locale>3081;3081</Locale>
	<Architecture>1</Architecture>
	<OperativeSystem>Windows 10 (Version 22H2, OS Build 19045.3086, 64-bit Edition)</OperativeSystem>
	<OSMemory>16,685,096 Kb</OSMemory>
	<ProcessMemoryUsage>566,996 Kb</ProcessMemoryUsage>
	<MemoryLargeAddress>true</MemoryLargeAddress>
	<Date>2023-07-03T11:11:43.628Z</Date>
</ReportData>
