<?xml version="1.0"?>
<ReportData>
	<Status>40</Status>
	<Data_type>A</Data_type>
	<Severity>0</Severity>
	<Project>270</Project>
	<Version>28.0</Version>
	<Area>30001</Area>
	<Shortdescription>Automated Incident Report</Shortdescription>
	<Description>Access violation at address 67D705B1 in module 'rtl280.bpl'. Read of address 06000167.

Mais uma vez o mesmo erro (trl280.bpl) ao fechar o Delphi. Agora já com a versão 11.3 instalada.</Description>
	<Build>28.0.47991.2819</Build>
	<Steps/>
	<Platform_>430</Platform_>
	<Workaround/>
	<Locale>1046;1046</Locale>
	<Architecture>1</Architecture>
	<OperativeSystem>Windows 11 (Version 22H2, OS Build 22621.1265, 64-bit Edition)</OperativeSystem>
	<OSMemory>16.658.020 Kb</OSMemory>
	<ProcessMemoryUsage>1.024.368 Kb</ProcessMemoryUsage>
	<MemoryLargeAddress>true</MemoryLargeAddress>
	<Date>2023-02-27T20:12:25.584Z</Date>
</ReportData>
