<?xml version="1.0"?>
<ReportData>
	<Status>40</Status>
	<Data_type>A</Data_type>
	<Severity>0</Severity>
	<Project>270</Project>
	<Version>27.0</Version>
	<Area>30001</Area>
	<Shortdescription>Automated Incident Report</Shortdescription>
	<Description>Access violation at address 50039F07 in module 'borlndmm.dll'. Read of address 00000000.

changing to windows 64-bit target in the IDE</Description>
	<Build>27.0.40680.4203</Build>
	<Steps/>
	<Platform_>430</Platform_>
	<Workaround/>
	<Locale>1033;2057</Locale>
	<Architecture>1</Architecture>
	<OperativeSystem>Windows 10 (Version 10.0, Build 19042, 64-bit Edition)</OperativeSystem>
	<OSMemory>33,331,140 Kb</OSMemory>
	<ProcessMemoryUsage>534,516 Kb</ProcessMemoryUsage>
	<MemoryLargeAddress>true</MemoryLargeAddress>
	<Date>2021-02-27T23:07:19.711Z</Date>
</ReportData>
