<?xml version="1.0"?>
<ReportData>
	<Status>40</Status>
	<Data_type>A</Data_type>
	<Severity>0</Severity>
	<Project>270</Project>
	<Version>37.0</Version>
	<Area>30001</Area>
	<Shortdescription>Rapport d'incident automatisé</Shortdescription>
	<Description>Debugger Assertion Failure: &amp;quot;&amp;quot;
in pcntrlsrv.cpp at line 449

Debugger stopped working. I disconnected from my session and tried again with no success.</Description>
	<Build>37.0.57242.3601</Build>
	<Steps>Just start the debugging session</Steps>
	<Platform_>430</Platform_>
	<Workaround/>
	<Locale>1036;1036</Locale>
	<Architecture>1</Architecture>
	<OperativeSystem>Windows 11 (Version 25H2, Build OS 26200.7462, Edition 64 bits)</OperativeSystem>
	<OSMemory>32 805 768 Kb</OSMemory>
	<ProcessMemoryUsage>1 821 772 Kb</ProcessMemoryUsage>
	<MemoryLargeAddress>true</MemoryLargeAddress>
	<Date>2026-01-12T15:24:34.150Z</Date>
</ReportData>
