<?xml version="1.0"?>
<ReportData>
	<Status>40</Status>
	<Data_type>A</Data_type>
	<Severity>0</Severity>
	<Project>270</Project>
	<Version>28.0</Version>
	<Area>30001</Area>
	<Shortdescription>Automated Incident Report</Shortdescription>
	<Description>Access violation at address 7BE48D0C in module 'rtl280.bpl'. Read of address 00000008.

happens every time I exit Delphi.</Description>
	<Build>28.0.47991.2819</Build>
	<Steps>Also:
1.  the main tool bar never located to the location I saved it to for my profile and the tool bar is displaying incorrectly. Look at the separator. The take up more room than they should.
2. The global library path is not being processed because build report unable to find units BUT when I add the same paths to the project search path it finds the units</Steps>
	<Platform_>430</Platform_>
	<Workaround/>
	<Locale>1033;3081</Locale>
	<Architecture>1</Architecture>
	<OperativeSystem>Windows 10 (Version 22H2, OS Build 19045.2788, 64-bit Edition)</OperativeSystem>
	<OSMemory>16,729,940 Kb</OSMemory>
	<ProcessMemoryUsage>2,145,420 Kb</ProcessMemoryUsage>
	<MemoryLargeAddress>true</MemoryLargeAddress>
	<Date>2023-04-18T17:14:39.380Z</Date>
</ReportData>
