<?xml version="1.0"?>
<ReportData>
	<Status>40</Status>
	<Data_type>A</Data_type>
	<Severity>0</Severity>
	<Project>270</Project>
	<Version>28.0</Version>
	<Area>30001</Area>
	<Shortdescription>Automated Incident Report</Shortdescription>
	<Description>Access violation at address 7155019E in module 'rtl280.bpl'. Read of address D4042444.

I just made a code change by removing the class name scope from a public class variable reference and the IDE errored with Access Violation OK/Details and the error repeats as soon as hitting OK so I could not save my work.</Description>
	<Build>28.0.47741.2595</Build>
	<Steps/>
	<Platform_>430</Platform_>
	<Workaround/>
	<Locale>1033;1033</Locale>
	<Architecture>1</Architecture>
	<OperativeSystem>Windows 10 (Version 21H2, OS Build 19044.2130, 64-bit Edition)</OperativeSystem>
	<OSMemory>8,388,084 Kb</OSMemory>
	<ProcessMemoryUsage>965,340 Kb</ProcessMemoryUsage>
	<MemoryLargeAddress>true</MemoryLargeAddress>
	<Date>2023-02-07T14:22:21.669Z</Date>
</ReportData>
