<?xml version="1.0"?>
<ReportData>
	<Status>40</Status>
	<Data_type>A</Data_type>
	<Severity>0</Severity>
	<Project>270</Project>
	<Version>27.0</Version>
	<Area>30001</Area>
	<Shortdescription>Automated Incident Report</Shortdescription>
	<Description>Unable to write to H:\My Drive\My Computer Stuff\Simz's Stuff\SchoolStuff\Information technology stuff\ProgrammingStuff\DelphiStuff\programming files\2.Term 2 files\Past prac paper\SBA002 PAST PAPER NameHere\SBA002 PAST PAPER-Simamkele Ngxishe\Section A\__recovery\__recovery.ini.

I'm having touble saving my project</Description>
	<Build>27.0.40680.4203</Build>
	<Steps/>
	<Platform_>430</Platform_>
	<Workaround/>
	<Locale>1033;7177</Locale>
	<Architecture>1</Architecture>
	<OperativeSystem>Windows 10 (Version 10.0, Build 22621, 64-bit Edition)</OperativeSystem>
	<OSMemory>8 225 884 Kb</OSMemory>
	<ProcessMemoryUsage>429 572 Kb</ProcessMemoryUsage>
	<MemoryLargeAddress>true</MemoryLargeAddress>
	<Date>2023-05-03T11:39:28.547Z</Date>
</ReportData>
