<?xml version="1.0"?>
<ReportData>
	<Status>40</Status>
	<Data_type>A</Data_type>
	<Severity>0</Severity>
	<Project>270</Project>
	<Version>28.0</Version>
	<Area>30001</Area>
	<Shortdescription>Automated Incident Report</Shortdescription>
	<Description>Access violation at address 6488C194 in module 'vcl280.bpl'. Read of address 00000000.

I have tried this with a couple of forms - open the form, which displays the Design tab without error, but then generates this error (repeatedly) when I try to switch to the Code tab for the form.</Description>
	<Build>28.0.46141.937</Build>
	<Steps>I see the reference to EurekaLog, so it may be their problem; I have EurekaLog installed, but I do not have it enabled for this project.</Steps>
	<Platform_>430</Platform_>
	<Workaround/>
	<Locale>1033;1033</Locale>
	<Architecture>1</Architecture>
	<OperativeSystem>Windows 10 (Version 21H2, OS Build 19044.2006, 64-bit Edition)</OperativeSystem>
	<OSMemory>8,388,148 Kb</OSMemory>
	<ProcessMemoryUsage>1,445,036 Kb</ProcessMemoryUsage>
	<MemoryLargeAddress>true</MemoryLargeAddress>
	<Date>2022-09-16T11:56:53.644Z</Date>
</ReportData>
