<?xml version="1.0"?>
<ReportData>
	<Status>40</Status>
	<Data_type>A</Data_type>
	<Severity>0</Severity>
	<Project>270</Project>
	<Version>28.0</Version>
	<Area>30001</Area>
	<Shortdescription>Automated Incident Report</Shortdescription>
	<Description>Invalid pointer operation.

Unable to open file from call stack</Description>
	<Build>28.0.47991.2819</Build>
	<Steps>Double click on line in call stack</Steps>
	<Platform_>430</Platform_>
	<Workaround/>
	<Locale>1033;2057</Locale>
	<Architecture>1</Architecture>
	<OperativeSystem>Windows 11 (Version 21H2, OS Build 22000.1696, 64-bit Edition)</OperativeSystem>
	<OSMemory>33,288,316 Kb</OSMemory>
	<ProcessMemoryUsage>1,078,720 Kb</ProcessMemoryUsage>
	<MemoryLargeAddress>true</MemoryLargeAddress>
	<Date>2023-04-07T18:01:08.299Z</Date>
</ReportData>
