<?xml version="1.0"?>
<ReportData>
	<Status>40</Status>
	<Data_type>A</Data_type>
	<Severity>0</Severity>
	<Project>270</Project>
	<Version>29.0</Version>
	<Area>30001</Area>
	<Shortdescription>Automated Incident Report</Shortdescription>
	<Description>Invalid class typecast.

I have checked &amp;quot;classic&amp;quot; toolbar in starting ide creator. After run delphi and change toolbar position it throws invalid typecast</Description>
	<Build>29.0.50491.5718</Build>
	<Steps/>
	<Platform_>430</Platform_>
	<Workaround/>
	<Locale>1045;1045</Locale>
	<Architecture>1</Architecture>
	<OperativeSystem>Windows 11 (Version 23H2, OS Build 22631.2715, 64-bit Edition)</OperativeSystem>
	<OSMemory>33 250 824 Kb</OSMemory>
	<ProcessMemoryUsage>469 316 Kb</ProcessMemoryUsage>
	<MemoryLargeAddress>true</MemoryLargeAddress>
	<Date>2023-12-04T19:38:35.461Z</Date>
</ReportData>
