<?xml version="1.0"?>
<ReportData>
	<Status>40</Status>
	<Data_type>A</Data_type>
	<Severity>0</Severity>
	<Project>270</Project>
	<Version>28.0</Version>
	<Area>30001</Area>
	<Shortdescription>Automated Incident Report</Shortdescription>
	<Description>Access violation at address 71E8642E in module 'rtl280.bpl'. Read of address FFFFFFD8.

The exception occuring when I attached editor by new editor window in popup munu.</Description>
	<Build>28.0.47991.2819</Build>
	<Steps/>
	<Platform_>430</Platform_>
	<Workaround/>
	<Locale>1042;1042</Locale>
	<Architecture>1</Architecture>
	<OperativeSystem>Windows 11 (Version 21H2, OS Build 22000.1936, 64-bit Edition)</OperativeSystem>
	<OSMemory>8,369,456 Kb</OSMemory>
	<ProcessMemoryUsage>1,097,724 Kb</ProcessMemoryUsage>
	<MemoryLargeAddress>true</MemoryLargeAddress>
	<Date>2023-05-16T22:25:41.313Z</Date>
</ReportData>
