<?xml version="1.0"?>
<ReportData>
	<Status>40</Status>
	<Data_type>A</Data_type>
	<Severity>0</Severity>
	<Project>270</Project>
	<Version>29.0</Version>
	<Area>30001</Area>
	<Shortdescription>Automated Incident Report</Shortdescription>
	<Description>Access violation at address 79F7D75E in module 'coreide290.bpl'. Read of address 00000014.

I was trying to redo a VCL DPR due to a really bad idea I had had of trying to use conditional compilation in the DPR. I know, I shoudn't have witout proper planning.</Description>
	<Build>29.0.51511.6924</Build>
	<Steps>I created a new VCL application and was trying to add existing units to recreate the project. </Steps>
	<Platform_>430</Platform_>
	<Workaround/>
	<Locale>1040;1040</Locale>
	<Architecture>1</Architecture>
	<OperativeSystem>Windows 11 (Version 21H2, OS Build 22000.2538, 64-bit Edition)</OperativeSystem>
	<OSMemory>16.655.532 Kb</OSMemory>
	<ProcessMemoryUsage>1.827.080 Kb</ProcessMemoryUsage>
	<MemoryLargeAddress>true</MemoryLargeAddress>
	<Date>2024-05-27T07:15:20.904Z</Date>
</ReportData>
