<?xml version="1.0"?>
<ReportData>
	<Status>40</Status>
	<Data_type>A</Data_type>
	<Severity>0</Severity>
	<Project>270</Project>
	<Version>27.0</Version>
	<Area>30001</Area>
	<Shortdescription>Automated Incident Report</Shortdescription>
	<Description>Access violation at address 207E2DAF in module 'coreide270.bpl'. Read of address 00000000.

i have some forms opened when i tried to close the form .pas i got error message :
Access violation at adress 207E2DAF in module 'coreide270bpl'. Read of adress 00000000</Description>
	<Build>27.0.40680.4203</Build>
	<Steps/>
	<Platform_>430</Platform_>
	<Workaround/>
	<Locale>1036;14348</Locale>
	<Architecture>1</Architecture>
	<OperativeSystem>Windows 10 (Version 10.0, Build 19044, 64-bit Edition)</OperativeSystem>
	<OSMemory>6.290.980 Kb</OSMemory>
	<ProcessMemoryUsage>1.089.284 Kb</ProcessMemoryUsage>
	<MemoryLargeAddress>true</MemoryLargeAddress>
	<Date>2022-01-08T22:34:23.286Z</Date>
</ReportData>
