<?xml version="1.0"?>
<ReportData>
	<Status>40</Status>
	<Data_type>A</Data_type>
	<Severity>0</Severity>
	<Project>270</Project>
	<Version>29.0</Version>
	<Area>30001</Area>
	<Shortdescription>Automated Incident Report</Shortdescription>
	<Description>Access violation at address 7FFFFFFF. Execution of address 7FFFFFFF.

Trying to close package project</Description>
	<Build>29.0.50031.5296</Build>
	<Steps/>
	<Platform_>430</Platform_>
	<Workaround/>
	<Locale>1033;1033</Locale>
	<Architecture>1</Architecture>
	<OperativeSystem>Windows 10 (Version 22H2, OS Build 19045.3448, 64-bit Edition)</OperativeSystem>
	<OSMemory>4,193,304 Kb</OSMemory>
	<ProcessMemoryUsage>751,864 Kb</ProcessMemoryUsage>
	<MemoryLargeAddress>true</MemoryLargeAddress>
	<Date>2023-09-22T14:57:31.420Z</Date>
</ReportData>
