<?xml version="1.0"?>
<ReportData>
	<Status>40</Status>
	<Data_type>A</Data_type>
	<Severity>0</Severity>
	<Project>270</Project>
	<Version>28.0</Version>
	<Area>30001</Area>
	<Shortdescription>Automated Incident Report</Shortdescription>
	<Description>Access violation at address 705D3B03 in module 'coreide280.bpl'. Read of address 00000008.

Editing source code
try Find in Files ...</Description>
	<Build>28.0.47991.2819</Build>
	<Steps/>
	<Platform_>430</Platform_>
	<Workaround/>
	<Locale>1029;1029</Locale>
	<Architecture>1</Architecture>
	<OperativeSystem>Windows 10 (Version 21H2, OS Build 19044.2604, 64-bit Edition)</OperativeSystem>
	<OSMemory>4 193 844 Kb</OSMemory>
	<ProcessMemoryUsage>1 054 676 Kb</ProcessMemoryUsage>
	<MemoryLargeAddress>true</MemoryLargeAddress>
	<Date>2023-03-07T10:25:38.539Z</Date>
</ReportData>
