<?xml version="1.0"?>
<ReportData>
	<Status>40</Status>
	<Data_type>A</Data_type>
	<Severity>0</Severity>
	<Project>270</Project>
	<Version>28.0</Version>
	<Area>30001</Area>
	<Shortdescription>Automated Incident Report</Shortdescription>
	<Description>Access violation at address 78399E0F in module 'coreide280.bpl'. Read of address 00000000.

This error occurs to me pretty much once in every ~10 hours of work. I don't know what causes the issue, but I'm pretty sure every time it happened was *after* debugging the application. The most frustrating part is that I almost always have unsaved changes, and when this issue pops up, I cannot close it to save my work (as the dialog keeps reopening).</Description>
	<Build>28.0.46141.937</Build>
	<Steps/>
	<Platform_>430</Platform_>
	<Workaround/>
	<Locale>1033;1050</Locale>
	<Architecture>1</Architecture>
	<OperativeSystem>Windows 11 (Version 22H2, OS Build 22621.1265, 64-bit Edition)</OperativeSystem>
	<OSMemory>16.616.048 Kb</OSMemory>
	<ProcessMemoryUsage>1.973.028 Kb</ProcessMemoryUsage>
	<MemoryLargeAddress>true</MemoryLargeAddress>
	<Date>2023-02-21T09:57:31.513Z</Date>
</ReportData>
