<?xml version="1.0"?>
<ReportData>
	<Status>40</Status>
	<Data_type>A</Data_type>
	<Severity>0</Severity>
	<Project>270</Project>
	<Version>28.0</Version>
	<Area>30001</Area>
	<Shortdescription>Automated Incident Report</Shortdescription>
	<Description>Access violation at address 78DF27FC in module 'rtl280.bpl'. Read of address FFFFFFF7.

Opening VCL project</Description>
	<Build>28.0.47991.2819</Build>
	<Steps/>
	<Platform_>430</Platform_>
	<Workaround/>
	<Locale>1033;1043</Locale>
	<Architecture>1</Architecture>
	<OperativeSystem>Windows 11 (Version 22H2, OS Build 22621.1413, 64-bit Edition)</OperativeSystem>
	<OSMemory>33.384.480 Kb</OSMemory>
	<ProcessMemoryUsage>1.119.920 Kb</ProcessMemoryUsage>
	<MemoryLargeAddress>true</MemoryLargeAddress>
	<Date>2023-04-05T10:03:43.185Z</Date>
</ReportData>
