<?xml version="1.0"?>
<ReportData>
	<Status>40</Status>
	<Data_type>A</Data_type>
	<Severity>0</Severity>
	<Project>270</Project>
	<Version>28.0</Version>
	<Area>30001</Area>
	<Shortdescription>Automated Incident Report</Shortdescription>
	<Description>Access violation at address 6A32C194 in module 'vcl280.bpl'. Read of address 00000000.

Opened a form file which is not included in the currently open project; although it opened without error to the Code tab, as soon as I switched to / clicked on the Design tab, it presented the access violation error.</Description>
	<Build>28.0.46141.937</Build>
	<Steps/>
	<Platform_>430</Platform_>
	<Workaround/>
	<Locale>1033;1033</Locale>
	<Architecture>1</Architecture>
	<OperativeSystem>Windows 10 (Version 21H2, OS Build 19044.2006, 64-bit Edition)</OperativeSystem>
	<OSMemory>8,388,148 Kb</OSMemory>
	<ProcessMemoryUsage>782,456 Kb</ProcessMemoryUsage>
	<MemoryLargeAddress>true</MemoryLargeAddress>
	<Date>2022-10-17T10:16:43.900Z</Date>
</ReportData>
