<?xml version="1.0"?>
<ReportData>
	<Status>40</Status>
	<Data_type>A</Data_type>
	<Severity>0</Severity>
	<Project>270</Project>
	<Version>27.0</Version>
	<Area>30001</Area>
	<Shortdescription>Automated Incident Report</Shortdescription>
	<Description>Access violation at address 6E726573 in module 'bds.exe'. Read of address 6E726573.

error</Description>
	<Build>27.0.40680.4203</Build>
	<Steps/>
	<Platform_>430</Platform_>
	<Workaround/>
	<Locale>14348;14348</Locale>
	<Architecture>1</Architecture>
	<OperativeSystem>Windows 10 (Version 10.0, Build 19044, 64-bit Edition)</OperativeSystem>
	<OSMemory>6.946.340 Kb</OSMemory>
	<ProcessMemoryUsage>479.124 Kb</ProcessMemoryUsage>
	<MemoryLargeAddress>true</MemoryLargeAddress>
	<Date>2022-01-10T15:49:42.086Z</Date>
</ReportData>
