<?xml version="1.0"?>
<ReportData>
	<Status>40</Status>
	<Data_type>A</Data_type>
	<Severity>0</Severity>
	<Project>270</Project>
	<Version>28.0</Version>
	<Area>30001</Area>
	<Shortdescription>Automated Incident Report</Shortdescription>
	<Description>Access violation at address 50060795 in module 'rtl280.bpl'. Read of address 0000000E.

Just try close RAD studio after few hours not active.</Description>
	<Build>28.0.42600.6491</Build>
	<Steps/>
	<Platform_>430</Platform_>
	<Workaround/>
	<Locale>1033;1050</Locale>
	<Architecture>1</Architecture>
	<OperativeSystem>Windows 10 (Version 10.0, Build 19043, 64-bit Edition)</OperativeSystem>
	<OSMemory>33.485.416 Kb</OSMemory>
	<ProcessMemoryUsage>843.068 Kb</ProcessMemoryUsage>
	<MemoryLargeAddress>true</MemoryLargeAddress>
	<Date>2021-09-15T16:31:16.952Z</Date>
</ReportData>
