<?xml version="1.0"?>
<ReportData>
	<Status>40</Status>
	<Data_type>A</Data_type>
	<Severity>0</Severity>
	<Project>270</Project>
	<Version>29.0</Version>
	<Area>30001</Area>
	<Shortdescription>Automated Incident Report</Shortdescription>
	<Description>Access violation at address 5C300CE3 in module 'coreide290.bpl'. Read of address 00000004.

I opened a Form in the IDE. This form contains a third-party component (a spell checker). 
This component is compiled and installed in the Beta.
No idea if this is related.</Description>
	<Build>29.0.50031.5296</Build>
	<Steps/>
	<Platform_>430</Platform_>
	<Workaround/>
	<Locale>1033;5129</Locale>
	<Architecture>1</Architecture>
	<OperativeSystem>Windows 10 (Version 22H2, OS Build 19045.2846, 64-bit Edition)</OperativeSystem>
	<OSMemory>8,304,868 Kb</OSMemory>
	<ProcessMemoryUsage>689,732 Kb</ProcessMemoryUsage>
	<MemoryLargeAddress>true</MemoryLargeAddress>
	<Date>2023-09-24T07:43:34.875Z</Date>
</ReportData>
