<?xml version="1.0"?>
<ReportData>
	<Status>40</Status>
	<Data_type>A</Data_type>
	<Severity>0</Severity>
	<Project>270</Project>
	<Version>28.0</Version>
	<Area>30001</Area>
	<Shortdescription>Automated Incident Report</Shortdescription>
	<Description>Canvas does not allow drawing.

Action triggering the behaviour was a simple switch of project within a project group.  The effect is highly repeatable.  We have a lot of installed packages and a very large number of components in the pallet.  The total Handles and GDI Objects (checked via process explorer) goes very high cannot be seen for sure.  Once the error dialog is shown handles is circa 1650 and GDI handles is circa 6670 (figures seem consistent).</Description>
	<Build>28.0.48361.3236</Build>
	<Steps/>
	<Platform_>430</Platform_>
	<Workaround/>
	<Locale>2057;2057</Locale>
	<Architecture>1</Architecture>
	<OperativeSystem>Windows 10 (Version 22H2, OS Build 19045.2965, 64-bit Edition)</OperativeSystem>
	<OSMemory>33,462,020 Kb</OSMemory>
	<ProcessMemoryUsage>2,406,052 Kb</ProcessMemoryUsage>
	<MemoryLargeAddress>true</MemoryLargeAddress>
	<Date>2023-06-07T11:44:54.772Z</Date>
</ReportData>
