<?xml version="1.0"?>
<ReportData>
	<Status>40</Status>
	<Data_type>A</Data_type>
	<Severity>0</Severity>
	<Project>270</Project>
	<Version>28.0</Version>
	<Area>30001</Area>
	<Shortdescription>Automated Incident Report</Shortdescription>
	<Description>List index out of bounds (9).

The IDE asked to reload all open files since we had the change to daylight savings time last night.  I allowed this.  I had two instances of the IDE open, so I took care of that one as well.

When I gave focus to the first IDE, the List Index Out of Bound error was displayed.</Description>
	<Build>28.0.46141.937</Build>
	<Steps/>
	<Platform_>430</Platform_>
	<Workaround/>
	<Locale>1033;1033</Locale>
	<Architecture>1</Architecture>
	<OperativeSystem>Windows 10 (Version 21H1, OS Build 19043.1288, 64-bit Edition)</OperativeSystem>
	<OSMemory>66,953,412 Kb</OSMemory>
	<ProcessMemoryUsage>2,220,788 Kb</ProcessMemoryUsage>
	<MemoryLargeAddress>true</MemoryLargeAddress>
	<Date>2023-03-12T08:39:49.088Z</Date>
</ReportData>
