<?xml version="1.0"?>
<ReportData>
	<Status>40</Status>
	<Data_type>A</Data_type>
	<Severity>0</Severity>
	<Project>270</Project>
	<Version>27.0</Version>
	<Area>30001</Area>
	<Shortdescription>Automatisierter Problemreport</Shortdescription>
	<Description>Zugriffsverletzung bei Adresse 5005FC48 in Modul 'rtl270.bpl'. Lesen von Adresse 0068005F.

Just loadedtThe IDE and a project</Description>
	<Build>27.0.38860.1461</Build>
	<Steps>Just Press several times F12 for switching between Form and Code View</Steps>
	<Platform_>430</Platform_>
	<Workaround/>
	<Locale>1031;1031</Locale>
	<Architecture>1</Architecture>
	<OperativeSystem>Windows 10 (Version 10.0, Build 18363, 64-Bit-Edition)</OperativeSystem>
	<OSMemory>33.447.908 Kb</OSMemory>
	<ProcessMemoryUsage>2.307.776 Kb</ProcessMemoryUsage>
	<MemoryLargeAddress>true</MemoryLargeAddress>
	<Date>2020-09-03T09:20:45.864Z</Date>
</ReportData>
