<?xml version="1.0"?>
<ReportData>
	<Status>40</Status>
	<Data_type>A</Data_type>
	<Severity>0</Severity>
	<Project>270</Project>
	<Version>29.0</Version>
	<Area>30001</Area>
	<Shortdescription>Automated Incident Report</Shortdescription>
	<Description>Access violation at address 5EEA0527 in module 'rtl290.bpl'. Read of address FFFFFFFF.</Description>
	<Build>29.0.51961.7529</Build>
	<Steps>In the IDE editor, click on a tab, click &amp;quot;undock editor&amp;quot;. The undocked editor is visible in a separate window. Drag the tab from the undocked window back in the &amp;quot;drop your tab here&amp;quot; (must do this from mind because the Save Report form is modal so I cannot look up what the exact captions are).</Steps>
	<Platform_>430</Platform_>
	<Workaround/>
	<Locale>1043;1043</Locale>
	<Architecture>1</Architecture>
	<OperativeSystem>Windows 11 (Version 23H2, OS Build 22631.3447, 64-bit Edition)</OperativeSystem>
	<OSMemory>66.806.264 Kb</OSMemory>
	<ProcessMemoryUsage>1.982.636 Kb</ProcessMemoryUsage>
	<MemoryLargeAddress>true</MemoryLargeAddress>
	<Date>2024-08-14T22:15:54.932Z</Date>
</ReportData>
