<?xml version="1.0"?>
<ReportData>
	<Status>40</Status>
	<Data_type>A</Data_type>
	<Severity>0</Severity>
	<Project>270</Project>
	<Version>28.0</Version>
	<Area>30001</Area>
	<Shortdescription>Automated Incident Report</Shortdescription>
	<Description>Invalid pointer operation.

Unable to save files &amp;quot;Invalid pointer operation&amp;quot;</Description>
	<Build>28.0.47991.2819</Build>
	<Steps>File | Save All</Steps>
	<Platform_>430</Platform_>
	<Workaround/>
	<Locale>1033;2057</Locale>
	<Architecture>1</Architecture>
	<OperativeSystem>Windows 11 (Version 21H2, OS Build 22000.1696, 64-bit Edition)</OperativeSystem>
	<OSMemory>33,288,316 Kb</OSMemory>
	<ProcessMemoryUsage>1,001,968 Kb</ProcessMemoryUsage>
	<MemoryLargeAddress>true</MemoryLargeAddress>
	<Date>2023-04-07T16:36:34.058Z</Date>
</ReportData>
