<?xml version="1.0"?>
<ReportData>
	<Status>40</Status>
	<Data_type>A</Data_type>
	<Severity>0</Severity>
	<Project>270</Project>
	<Version>29.0</Version>
	<Area>30001</Area>
	<Shortdescription>Automated Incident Report</Shortdescription>
	<Description>モジュール 'borlndmm.dll' のアドレス 7212A1C1 でアドレス 000204B0 に対する書き込み違反がおきました。.

Error at opening old (11.3 Alexandria) project.</Description>
	<Build>29.0.50031.5296</Build>
	<Steps/>
	<Platform_>430</Platform_>
	<Workaround/>
	<Locale>1041;1041</Locale>
	<Architecture>1</Architecture>
	<OperativeSystem>Windows 11 (バージョン 22H2, OS Build 22621.2283, 64 ビット版)</OperativeSystem>
	<OSMemory>16,458,476 Kb</OSMemory>
	<ProcessMemoryUsage>787,532 Kb</ProcessMemoryUsage>
	<MemoryLargeAddress>true</MemoryLargeAddress>
	<Date>2023-09-20T13:50:05.598Z</Date>
</ReportData>
