<?xml version="1.0"?>
<ReportData>
	<Status>40</Status>
	<Data_type>A</Data_type>
	<Severity>0</Severity>
	<Project>270</Project>
	<Version>28.0</Version>
	<Area>30001</Area>
	<Shortdescription>Automated Incident Report</Shortdescription>
	<Description>Catastrophic failure.

I was in the process of deleting visual items from the form in the attached picture when suddenly there was this catasthropic error.

The view now in the picture has much less items than it had originally so i will attach a picture what it looked like from the start.</Description>
	<Build>28.0.47991.2819</Build>
	<Steps/>
	<Platform_>430</Platform_>
	<Workaround/>
	<Locale>1035;1035</Locale>
	<Architecture>1</Architecture>
	<OperativeSystem>Windows 10 (Version 22H2, OS Build 19045.2846, 64-bit Edition)</OperativeSystem>
	<OSMemory>20 818 800 Kb</OSMemory>
	<ProcessMemoryUsage>1 254 836 Kb</ProcessMemoryUsage>
	<MemoryLargeAddress>true</MemoryLargeAddress>
	<Date>2023-05-05T12:22:45.172Z</Date>
</ReportData>
