<?xml version="1.0"?>
<ReportData>
	<Status>40</Status>
	<Data_type>A</Data_type>
	<Severity>0</Severity>
	<Project>270</Project>
	<Version>28.0</Version>
	<Area>30001</Area>
	<Shortdescription>Automated Incident Report</Shortdescription>
	<Description>Unable to write to C:\dev\COW Desktop\COW Olympus desktop build 137 - Pro\__recovery\__recovery.ini.

Opened a production project, made two edits, pressed run.</Description>
	<Build>28.0.41810.5545</Build>
	<Steps/>
	<Platform_>430</Platform_>
	<Workaround/>
	<Locale>1033;1033</Locale>
	<Architecture>1</Architecture>
	<OperativeSystem>Windows 10 (Version 10.0, Build 21390, 64-bit Edition)</OperativeSystem>
	<OSMemory>3,140,512 Kb</OSMemory>
	<ProcessMemoryUsage>894,956 Kb</ProcessMemoryUsage>
	<MemoryLargeAddress>true</MemoryLargeAddress>
	<Date>2021-06-21T20:30:13.857Z</Date>
</ReportData>
