<?xml version="1.0"?>
<ReportData>
	<Status>40</Status>
	<Data_type>A</Data_type>
	<Severity>0</Severity>
	<Project>270</Project>
	<Version>28.0</Version>
	<Area>30001</Area>
	<Shortdescription>Rapport d'incident automatisé</Shortdescription>
	<Description>Violation d'accès à l'adresse 6F92E634 dans le module 'rtl280.bpl'. Lecture de l'adresse 00000000.

closing a project</Description>
	<Build>28.0.46141.937</Build>
	<Steps/>
	<Platform_>430</Platform_>
	<Workaround/>
	<Locale>1036;1036</Locale>
	<Architecture>1</Architecture>
	<OperativeSystem>Windows 10 (Version 21H2, Build OS 19044.2006, Edition 64 bits)</OperativeSystem>
	<OSMemory>4 193 136 Kb</OSMemory>
	<ProcessMemoryUsage>1 018 908 Kb</ProcessMemoryUsage>
	<MemoryLargeAddress>true</MemoryLargeAddress>
	<Date>2022-10-01T15:51:17.977Z</Date>
</ReportData>
