<?xml version="1.0"?>
<ReportData>
	<Status>40</Status>
	<Data_type>A</Data_type>
	<Severity>0</Severity>
	<Project>270</Project>
	<Version>28.0</Version>
	<Area>30001</Area>
	<Shortdescription>Rapport d'incident automatisé</Shortdescription>
	<Description>Debugger Assertion Failure: &amp;quot;&amp;quot;
in pcntrlsrv.cpp at line 449

Under Window 11, after a few hours using Windows the Delphi debugger for 64 bits fail to start with an assertion failure in pcntrlsrv.cpp at line 449.</Description>
	<Build>28.0.47991.2819</Build>
	<Steps>Start wndows 11, log in, immediately after start Delphi, build a simple 64 bits windows app and debug it. Debugger start, app start. Close Delphi.

do your own business with your computer during a few hours.

restart Delphi, try to debug the same simple app as mentionned above, the application doesn't start and there is an assertion failure raised in Delphi.

At this point, nothing can be done but to restart entirely Windows so to make the debugger work.

I assume an issue of TCP/UPD port availability, but I haven't been able to find the service/software that was causing it if I'm right

</Steps>
	<Platform_>430</Platform_>
	<Workaround/>
	<Locale>1036;1036</Locale>
	<Architecture>1</Architecture>
	<OperativeSystem>Windows 11 (Version 21H2, Build OS 22000.1936, Edition 64 bits)</OperativeSystem>
	<OSMemory>134 051 516 Kb</OSMemory>
	<ProcessMemoryUsage>1 147 376 Kb</ProcessMemoryUsage>
	<MemoryLargeAddress>true</MemoryLargeAddress>
	<Date>2023-05-26T14:21:05.259Z</Date>
</ReportData>
