<?xml version="1.0"?>
<ReportData>
	<Status>40</Status>
	<Data_type>A</Data_type>
	<Severity>0</Severity>
	<Project>270</Project>
	<Version>28.0</Version>
	<Area>30001</Area>
	<Shortdescription>Automated Incident Report</Shortdescription>
	<Description>Grid index out of range.

I don't know, in the project I was building there is no Grid.... (in other projects in the same project group yes)</Description>
	<Build>28.0.47991.2819</Build>
	<Steps>just CTRL+F9 (with TwinCompile)</Steps>
	<Platform_>430</Platform_>
	<Workaround/>
	<Locale>1040;1040</Locale>
	<Architecture>1</Architecture>
	<OperativeSystem>Windows 10 (Version 1607, OS Build 14393.1358, 64-bit Edition)</OperativeSystem>
	<OSMemory>12.318.900 Kb</OSMemory>
	<ProcessMemoryUsage>700.336 Kb</ProcessMemoryUsage>
	<MemoryLargeAddress>true</MemoryLargeAddress>
	<Date>2023-05-29T15:36:13.918Z</Date>
</ReportData>
