<?xml version="1.0"?>
<ReportData>
	<Status>40</Status>
	<Data_type>A</Data_type>
	<Severity>0</Severity>
	<Project>270</Project>
	<Version>29.0</Version>
	<Area>30001</Area>
	<Shortdescription>Automated Incident Report</Shortdescription>
	<Description>Access violation at address 7A0004C0 in module 'rtl290.bpl'. Read of address 00000000.

Left IDE open overnight. PC not set to hibernate. Crashed upon unlocking in the AM.</Description>
	<Build>29.0.51961.7529</Build>
	<Steps/>
	<Platform_>430</Platform_>
	<Workaround/>
	<Locale>1033;1033</Locale>
	<Architecture>1</Architecture>
	<OperativeSystem>Windows 10 (Version 22H2, OS Build 19045.4291, 64-bit Edition)</OperativeSystem>
	<OSMemory>66,764,416 Kb</OSMemory>
	<ProcessMemoryUsage>671,852 Kb</ProcessMemoryUsage>
	<MemoryLargeAddress>true</MemoryLargeAddress>
	<Date>2024-06-04T10:19:19.526Z</Date>
</ReportData>
