<?xml version="1.0"?>
<ReportData>
	<Status>40</Status>
	<Data_type>A</Data_type>
	<Severity>0</Severity>
	<Project>270</Project>
	<Version>26.0</Version>
	<Area>30001</Area>
	<Shortdescription>Automatisierter Problemreport</Shortdescription>
	<Description>Ungültige Zeigeroperation.

Closing a Tab generates Exception</Description>
	<Build>26.0.36039.7899</Build>
	<Steps/>
	<Platform_>430</Platform_>
	<Workaround/>
	<Locale>1031;1031</Locale>
	<Architecture>1</Architecture>
	<OperativeSystem>Windows 10 (Version 10.0, Build 18362, 64-Bit-Edition)</OperativeSystem>
	<OSMemory>16.727.252 Kb</OSMemory>
	<ProcessMemoryUsage>370.880 Kb</ProcessMemoryUsage>
	<MemoryLargeAddress>true</MemoryLargeAddress>
	<Date>2020-03-13T18:20:35.085Z</Date>
</ReportData>
