<?xml version="1.0"?>
<ReportData>
	<Status>40</Status>
	<Data_type>A</Data_type>
	<Severity>0</Severity>
	<Project>270</Project>
	<Version>27.0</Version>
	<Area>30001</Area>
	<Shortdescription>Automated Incident Report</Shortdescription>
	<Description>disconnected session

Receive 'disconnected session' error when compiling for a debug session. I have to use Task Manager to get rif of Delphi.</Description>
	<Build>27.0.38860.1461</Build>
	<Steps>Added two breakpoints in a report and started a debug session. Immediately receieved the error.</Steps>
	<Platform_>430</Platform_>
	<Workaround/>
	<Locale>1033;2057</Locale>
	<Architecture>1</Architecture>
	<OperativeSystem>Windows 10 (Version 10.0, Build 22621, 64-bit Edition)</OperativeSystem>
	<OSMemory>16,693,232 Kb</OSMemory>
	<ProcessMemoryUsage>787,008 Kb</ProcessMemoryUsage>
	<MemoryLargeAddress>true</MemoryLargeAddress>
	<Date>2023-10-12T10:22:29.244Z</Date>
</ReportData>
