<?xml version="1.0"?>
<ReportData>
	<Status>40</Status>
	<Data_type>A</Data_type>
	<Severity>0</Severity>
	<Project>270</Project>
	<Version>28.0</Version>
	<Area>30001</Area>
	<Shortdescription>Automated Incident Report</Shortdescription>
	<Description>disconnected session

When debugging, sometimes the program simply closes and such an error appears in the IDE. Sometimes the error appears after closing the application after compiling and running with debugging.</Description>
	<Build>28.0.46141.937</Build>
	<Steps/>
	<Platform_>430</Platform_>
	<Workaround/>
	<Locale>1049;1049</Locale>
	<Architecture>1</Architecture>
	<OperativeSystem>Windows 11 (Version 22H2, OS Build 22621.1992, 64-bit Edition)</OperativeSystem>
	<OSMemory>16 776 088 Kb</OSMemory>
	<ProcessMemoryUsage>1 888 448 Kb</ProcessMemoryUsage>
	<MemoryLargeAddress>true</MemoryLargeAddress>
	<Date>2023-07-26T12:01:36.421Z</Date>
</ReportData>
