<?xml version="1.0"?>
<ReportData>
	<Status>40</Status>
	<Data_type>A</Data_type>
	<Severity>0</Severity>
	<Project>270</Project>
	<Version>28.0</Version>
	<Area>30001</Area>
	<Shortdescription>Automatisierter Problemreport</Shortdescription>
	<Description>Zugriffsverletzung bei Adresse 6651CFA4 in Modul 'vcl280.bpl'. Lesen von Adresse 00000000.

Es wurde ein Formular ohne Projekt erstellt. Sobald man in das Formular klickt kommt der Fehler. Gleiches gilt auch für das öffnen eines Formulars. Sobald das Formular einem Projekt zugeordnet ist funktioniert das gleich Formular.</Description>
	<Build>28.0.47991.2819</Build>
	<Steps>siehe oben</Steps>
	<Platform_>430</Platform_>
	<Workaround/>
	<Locale>1031;1031</Locale>
	<Architecture>1</Architecture>
	<OperativeSystem>Windows 10 (Version 22H2, Betriebssystem-Build 19045.2604, 64-Bit-Edition)</OperativeSystem>
	<OSMemory>16.649.432 Kb</OSMemory>
	<ProcessMemoryUsage>857.856 Kb</ProcessMemoryUsage>
	<MemoryLargeAddress>true</MemoryLargeAddress>
	<Date>2023-03-14T16:53:31.334Z</Date>
</ReportData>
