<?xml version="1.0"?>
<ReportData>
	<Status>40</Status>
	<Data_type>A</Data_type>
	<Severity>0</Severity>
	<Project>270</Project>
	<Version>29.0</Version>
	<Area>30001</Area>
	<Shortdescription>Automated Incident Report</Shortdescription>
	<Description>Access violation at address 7FFFFFFF. Execution of address 7FFFFFFF.

I started creating new blank FMX project and when form designer appeared in editor IDE crashed.</Description>
	<Build>29.0.50031.5296</Build>
	<Steps/>
	<Platform_>430</Platform_>
	<Workaround/>
	<Locale>1050;1050</Locale>
	<Architecture>1</Architecture>
	<OperativeSystem>Windows 10 (Version 22H2, OS Build 19045.3324, 64-bit Edition)</OperativeSystem>
	<OSMemory>33.476.260 Kb</OSMemory>
	<ProcessMemoryUsage>675.756 Kb</ProcessMemoryUsage>
	<MemoryLargeAddress>true</MemoryLargeAddress>
	<Date>2023-09-25T09:55:07.933Z</Date>
</ReportData>
