<?xml version="1.0"?>
<ReportData>
	<Status>40</Status>
	<Data_type>A</Data_type>
	<Severity>0</Severity>
	<Project>270</Project>
	<Version>29.0</Version>
	<Area>30001</Area>
	<Shortdescription>Automated Incident Report</Shortdescription>
	<Description>Access violation at address 6EB81DF9 in module 'coreide290.bpl'. Read of address 00000012.

At some random time but almost happen all the time, whenever I type an unknown variable (because not ompleted yet) LSP raised an error</Description>
	<Build>29.0.51961.7529</Build>
	<Steps>type 3 character of an unknown variable</Steps>
	<Platform_>430</Platform_>
	<Workaround/>
	<Locale>1033;14345</Locale>
	<Architecture>1</Architecture>
	<OperativeSystem>Windows 10 (Version 22H2, OS Build 19045.4412, 64-bit Edition)</OperativeSystem>
	<OSMemory>4.193.844 Kb</OSMemory>
	<ProcessMemoryUsage>1.207.496 Kb</ProcessMemoryUsage>
	<MemoryLargeAddress>true</MemoryLargeAddress>
	<Date>2024-05-21T15:59:31.091Z</Date>
</ReportData>
