<?xml version="1.0"?>
<ReportData>
	<Status>40</Status>
	<Data_type>A</Data_type>
	<Severity>0</Severity>
	<Project>270</Project>
	<Version>29.0</Version>
	<Area>30001</Area>
	<Shortdescription>Automated Incident Report</Shortdescription>
	<Description>Access violation at address 6EA80527 in module 'rtl290.bpl'. Read of address 00000200.

When switching from code-editor to form-editor I get this error</Description>
	<Build>29.0.51961.7529</Build>
	<Steps/>
	<Platform_>430</Platform_>
	<Workaround/>
	<Locale>1043;1043</Locale>
	<Architecture>1</Architecture>
	<OperativeSystem>Windows 11 (Version 23H2, OS Build 22631.3593, 64-bit Edition)</OperativeSystem>
	<OSMemory>16.619.700 Kb</OSMemory>
	<ProcessMemoryUsage>1.158.960 Kb</ProcessMemoryUsage>
	<MemoryLargeAddress>true</MemoryLargeAddress>
	<Date>2024-05-21T10:17:23.473Z</Date>
</ReportData>
