<?xml version="1.0"?>
<ReportData>
	<Status>40</Status>
	<Data_type>A</Data_type>
	<Severity>0</Severity>
	<Project>270</Project>
	<Version>28.0</Version>
	<Area>30001</Area>
	<Shortdescription>Automated Incident Report</Shortdescription>
	<Description>Access violation at address 64A708D3 in module 'vcl280.bpl'. Read of address 00000008.

The Delphi don't crash and the Project continue to Build and run perfectly fine.</Description>
	<Build>28.0.48361.3236</Build>
	<Steps>Open a form The error only occurs on the form view mode.
If i just open the unit i will have no problem.
I think is something related to the TTabControl since this error happens when i toggle to a form (F12) that contains the component.

PS: I can toggle to the form code (dfm), after scaping the error message.
Trying to put a TTabControl in a new form and access Manage Platform Menu Tool raises an error on vcl280.bpl too.</Steps>
	<Platform_>430</Platform_>
	<Workaround/>
	<Locale>1046;1046</Locale>
	<Architecture>1</Architecture>
	<OperativeSystem>Windows 10 (Version 22H2, OS Build 19045.3448, 64-bit Edition)</OperativeSystem>
	<OSMemory>8.265.972 Kb</OSMemory>
	<ProcessMemoryUsage>1.307.812 Kb</ProcessMemoryUsage>
	<MemoryLargeAddress>true</MemoryLargeAddress>
	<Date>2023-09-16T03:44:58.712Z</Date>
</ReportData>
