<?xml version="1.0"?>
<ReportData>
	<Status>40</Status>
	<Data_type>A</Data_type>
	<Severity>0</Severity>
	<Project>270</Project>
	<Version>28.0</Version>
	<Area>30001</Area>
	<Shortdescription>Automated Incident Report</Shortdescription>
	<Description>Debugger Assertion Failure: &amp;quot;&amp;quot;
in pcntrlsrv.cpp at line 449

Error build the system in 64 bits</Description>
	<Build>28.0.46141.937</Build>
	<Steps>open my system, and compile.
SQL Server 2019 STD and Microsoft Edge is open in my PC in this momonent</Steps>
	<Platform_>430</Platform_>
	<Workaround/>
	<Locale>1046;1046</Locale>
	<Architecture>1</Architecture>
	<OperativeSystem>Windows 11 (Version 22H2, OS Build 22621.1265, 64-bit Edition)</OperativeSystem>
	<OSMemory>33.294.020 Kb</OSMemory>
	<ProcessMemoryUsage>1.301.560 Kb</ProcessMemoryUsage>
	<MemoryLargeAddress>true</MemoryLargeAddress>
	<Date>2023-02-17T18:14:51.823Z</Date>
</ReportData>
