<?xml version="1.0"?>
<ReportData>
	<Status>40</Status>
	<Data_type>A</Data_type>
	<Severity>0</Severity>
	<Project>270</Project>
	<Version>29.0</Version>
	<Area>30001</Area>
	<Shortdescription>Rapport d'incident automatisé</Shortdescription>
	<Description>Violation d'accès à l'adresse 7282D4A2 dans le module 'vclide290.bpl'. Lecture de l'adresse 7AB28000.

in debug mode, on an exception breakpoint, using the mouse wheel over the &amp;quot;local variables&amp;quot; panel</Description>
	<Build>29.0.51961.7529</Build>
	<Steps/>
	<Platform_>430</Platform_>
	<Workaround/>
	<Locale>1036;1036</Locale>
	<Architecture>1</Architecture>
	<OperativeSystem>Windows 11 (Version 22H2, Build OS 22621.3593, Edition 64 bits)</OperativeSystem>
	<OSMemory>3 140 208 Kb</OSMemory>
	<ProcessMemoryUsage>1 153 512 Kb</ProcessMemoryUsage>
	<MemoryLargeAddress>true</MemoryLargeAddress>
	<Date>2024-06-03T21:17:49.207Z</Date>
</ReportData>
