<?xml version="1.0"?>
<ReportData>
	<Status>40</Status>
	<Data_type>A</Data_type>
	<Severity>0</Severity>
	<Project>270</Project>
	<Version>28.0</Version>
	<Area>30001</Area>
	<Shortdescription>Automated Incident Report</Shortdescription>
	<Description>Invalid pointer operation.

I was just editing code, copy / paste, then went to data module, changed a field to not be visible, then back to main form code, deleted the pasted data since not needed, then tried to save and got message, cancel, look around, save again, yes saved anyway, then exit the ide because I presume it was a bug, so that's when this came up and allowed me to save and report it.</Description>
	<Build>28.0.48361.3236</Build>
	<Steps/>
	<Platform_>430</Platform_>
	<Workaround/>
	<Locale>1033;1033</Locale>
	<Architecture>1</Architecture>
	<OperativeSystem>Windows 10 (Version 22H2, OS Build 19045.2965, 64-bit Edition)</OperativeSystem>
	<OSMemory>67,020,960 Kb</OSMemory>
	<ProcessMemoryUsage>1,515,816 Kb</ProcessMemoryUsage>
	<MemoryLargeAddress>true</MemoryLargeAddress>
	<Date>2023-05-25T17:31:14.221Z</Date>
</ReportData>
