<?xml version="1.0"?>
<ReportData>
	<Status>40</Status>
	<Data_type>A</Data_type>
	<Severity>0</Severity>
	<Project>270</Project>
	<Version>28.0</Version>
	<Area>30001</Area>
	<Shortdescription>Automated Incident Report</Shortdescription>
	<Description>Cannot add columns or rows while expand style is fixed size.

When run Delphi.</Description>
	<Build>28.0.47991.2819</Build>
	<Steps/>
	<Platform_>430</Platform_>
	<Workaround/>
	<Locale>1029;1029</Locale>
	<Architecture>1</Architecture>
	<OperativeSystem>Windows 11 (Version 22H2, OS Build 22621.1413, 64-bit Edition)</OperativeSystem>
	<OSMemory>33 394 796 Kb</OSMemory>
	<ProcessMemoryUsage>793 548 Kb</ProcessMemoryUsage>
	<MemoryLargeAddress>true</MemoryLargeAddress>
	<Date>2023-03-22T09:55:02.309Z</Date>
</ReportData>
