<?xml version="1.0"?>
<ReportData>
	<Status>40</Status>
	<Data_type>A</Data_type>
	<Severity>0</Severity>
	<Project>270</Project>
	<Version>28.0</Version>
	<Area>30001</Area>
	<Shortdescription>Automated Incident Report</Shortdescription>
	<Description>Object reference not set to an instance of an object.

CTRL + E to start refector</Description>
	<Build>28.0.47991.2819</Build>
	<Steps>Just seems to happen after some time and an IDE restart is needed.</Steps>
	<Platform_>430</Platform_>
	<Workaround/>
	<Locale>1033;3081</Locale>
	<Architecture>1</Architecture>
	<OperativeSystem>Windows 11 (Version 22H2, OS Build 22621.2134, 64-bit Edition)</OperativeSystem>
	<OSMemory>16,522,072 Kb</OSMemory>
	<ProcessMemoryUsage>1,860,064 Kb</ProcessMemoryUsage>
	<MemoryLargeAddress>true</MemoryLargeAddress>
	<Date>2023-08-24T16:27:46.925Z</Date>
</ReportData>
