<?xml version="1.0"?>
<ReportData>
	<Status>40</Status>
	<Data_type>A</Data_type>
	<Severity>0</Severity>
	<Project>270</Project>
	<Version>28.0</Version>
	<Area>30001</Area>
	<Shortdescription>Automated Incident Report</Shortdescription>
	<Description>Access violation at address 6A98E634 in module 'rtl280.bpl'. Read of address 0041005F.

Embarcadero IDE encountererd access violation when i closed a .dfm (form view) that i had been editing for a while.</Description>
	<Build>28.0.46141.937</Build>
	<Steps/>
	<Platform_>430</Platform_>
	<Workaround/>
	<Locale>1035;1035</Locale>
	<Architecture>1</Architecture>
	<OperativeSystem>Windows 10 (Version 22H2, OS Build 19045.2604, 64-bit Edition)</OperativeSystem>
	<OSMemory>20,818,800 Kb</OSMemory>
	<ProcessMemoryUsage>676,296 Kb</ProcessMemoryUsage>
	<MemoryLargeAddress>true</MemoryLargeAddress>
	<Date>2023-03-13T17:27:17.595Z</Date>
</ReportData>
