<?xml version="1.0"?>
<ReportData>
	<Status>40</Status>
	<Data_type>A</Data_type>
	<Severity>0</Severity>
	<Project>270</Project>
	<Version>28.0</Version>
	<Area>30001</Area>
	<Shortdescription>Automated Incident Report</Shortdescription>
	<Description>Access violation at address 00000000 in module 'bds.exe'. Execution of address 00000000.

Desktop was sitting unused for a couple of days over the weekend.  When I remote connected I saw that it had AV'd</Description>
	<Build>28.0.47991.2819</Build>
	<Steps/>
	<Platform_>430</Platform_>
	<Workaround/>
	<Locale>1033;5129</Locale>
	<Architecture>1</Architecture>
	<OperativeSystem>Windows 11 (Version 22H2, OS Build 22621.1702, 64-bit Edition)</OperativeSystem>
	<OSMemory>32,954,188 Kb</OSMemory>
	<ProcessMemoryUsage>716,992 Kb</ProcessMemoryUsage>
	<MemoryLargeAddress>true</MemoryLargeAddress>
	<Date>2023-06-12T06:21:24.835Z</Date>
</ReportData>
